{
    "metrics": {
        "http_req_sending": {
            "min": 0.038,
            "med": 0.066,
            "max": 0.361,
            "p(90)": 0.08590000000000002,
            "p(95)": 0.11564999999999993,
            "avg": 0.07212857142857142
        },
        "data_received": {
            "count": 3610365,
            "rate": 180032.42350355448
        },
        "http_req_waiting": {
            "min": 246.694,
            "med": 264.9845,
            "max": 467.453,
            "p(90)": 285.1207,
            "p(95)": 291.90305,
            "avg": 269.77842857142855
        },
        "http_req_receiving": {
            "med": 1.573,
            "max": 178.556,
            "p(90)": 3.0239000000000003,
            "p(95)": 3.719099999999999,
            "avg": 4.365885714285715,
            "min": 0.23
        },
        "iteration_duration": {
            "avg": 286.4743019142857,
            "min": 248.264047,
            "med": 267.179022,
            "max": 1492.826668,
            "p(90)": 286.77549109999995,
            "p(95)": 292.54358794999996
        },
        "http_reqs": {
            "count": 70,
            "rate": 3.490580494007895
        },
        "http_req_duration{expected_response:true}": {
            "avg": 274.2164428571428,
            "min": 248.124,
            "med": 267.00149999999996,
            "max": 646.37,
            "p(90)": 286.6166,
            "p(95)": 292.4084
        },
        "http_req_connecting": {
            "min": 0,
            "med": 0,
            "max": 181.468,
            "p(90)": 0,
            "p(95)": 0,
            "avg": 2.5924
        },
        "http_req_tls_handshaking": {
            "avg": 5.452442857142857,
            "min": 0,
            "med": 0,
            "max": 381.671,
            "p(90)": 0,
            "p(95)": 0
        },
        "http_req_failed": {
            "passes": 0,
            "fails": 70,
            "value": 0
        },
        "data_sent": {
            "count": 15316,
            "rate": 763.7390120889274
        },
        "http_req_duration": {
            "p(90)": 286.6166,
            "p(95)": 292.4084,
            "avg": 274.2164428571428,
            "min": 248.124,
            "med": 267.00149999999996,
            "max": 646.37
        },
        "vus_max": {
            "value": 1,
            "min": 1,
            "max": 1
        },
        "http_req_blocked": {
            "min": 0,
            "med": 0.001,
            "max": 846.107,
            "p(90)": 0.0011000000000000014,
            "p(95)": 0.002,
            "avg": 12.08815714285712
        },
        "iterations": {
            "count": 70,
            "rate": 3.490580494007895
        },
        "vus": {
            "value": 1,
            "min": 1,
            "max": 1
        }
    },
    "root_group": {
        "path": "",
        "id": "d41d8cd98f00b204e9800998ecf8427e",
        "groups": {},
        "checks": {},
        "name": ""
    }
}